{"loss": [1.09283447265625, 0.5155898332595825, 0.11558332294225693, 0.02835574373602867, 0.016521906480193138, 0.020144756883382797, 0.023376822471618652, 0.026324914768338203, 0.017119556665420532, 0.015662459656596184, 0.014694787561893463, 0.024764206260442734, 0.011009730398654938, 0.010549779050052166, 0.008341742679476738, 0.041739024221897125, 0.03069170191884041, 0.017086241394281387, 0.12006345391273499, 0.04244471713900566, 0.021199839189648628, 0.043179262429475784, 0.019145995378494263, 0.011727096512913704, 0.010835202410817146, 0.00937821064144373, 0.03026176244020462, 0.8313708305358887, 0.7673986554145813, 0.7305606603622437, 0.7193616628646851, 0.7036668062210083, 0.6423100829124451, 0.5797608494758606, 0.5313965082168579, 0.5183201432228088, 0.5010585188865662, 0.4817737936973572, 0.46687570214271545, 0.45116305351257324, 0.44527944922447205, 0.4344463348388672, 0.4270620346069336, 0.41350096464157104, 0.39978259801864624, 0.3098168969154358, 0.25524982810020447, 0.2260376363992691, 0.26250478625297546, 1.3583881855010986, 1.272261142730713], "accuracy": [0.49089428782463074, 0.7722626328468323, 0.9587814211845398, 0.9942032694816589, 0.9972359538078308, 0.9967661499977112, 0.9964776039123535, 0.9956889748573303, 0.9975292086601257, 0.9979320168495178, 0.998102068901062, 0.9963070750236511, 0.9986070990562439, 0.9986780285835266, 0.9990236759185791, 0.99355548620224, 0.9949991703033447, 0.9975321292877197, 0.97166907787323, 0.9920386075973511, 0.9963889122009277, 0.9909595251083374, 0.9971484541893005, 0.9984258413314819, 0.9985869526863098, 0.9989135265350342, 0.9949609041213989, 0.6220925450325012, 0.6456438899040222, 0.6636912226676941, 0.6686930060386658, 0.6773585081100464, 0.7082005143165588, 0.7417192459106445, 0.763372004032135, 0.7701859474182129, 0.7778041362762451, 0.7868874073028564, 0.7933043837547302, 0.8004056215286255, 0.8047671318054199, 0.8099141716957092, 0.8142557740211487, 0.8192674517631531, 0.8253838419914246, 0.8741804957389832, 0.896621823310852, 0.9112349152565002, 0.9079417586326599, 0.3441450893878937, 0.3890075385570526], "val_loss": [0.7032362818717957, 0.22470062971115112, 0.009894364513456821, 0.007863069884479046, 0.0074706366285681725, 0.007307813037186861, 0.007455731742084026, 0.007058548275381327, 0.00839816965162754, 0.014714469201862812, 0.006711834110319614, 0.0076589882373809814, 0.006783599499613047, 0.00619631027802825, 0.006214684806764126, 0.010752219706773758, 0.0063178022392094135, 0.21162237226963043, 0.010783713310956955, 0.007408880162984133, 0.010305186733603477, 0.009573332034051418, 0.006376421079039574, 0.006453134585171938, 0.0069908821024000645, 0.005991451907902956, 0.008302463218569756, 0.7907790541648865, 0.7231908440589905, 0.7107235193252563, 0.6989234089851379, 0.6663241386413574, 0.5577555894851685, 0.5086793303489685, 0.49539488554000854, 0.46942904591560364, 0.44493356347084045, 0.4405345618724823, 0.41869479417800903, 0.40392714738845825, 0.3975379467010498, 0.39326348900794983, 0.3808266818523407, 0.3655274212360382, 0.3075730502605438, 0.24137194454669952, 0.18601901829242706, 0.16100995242595673, 3.485990524291992, 1.3087844848632812, 1.2256778478622437], "val_accuracy": [0.6863200068473816, 0.907829761505127, 0.9991657137870789, 0.9991517066955566, 0.9992449879646301, 0.9993109107017517, 0.999254047870636, 0.9993813037872314, 0.9992876052856445, 0.9992271661758423, 0.9994052052497864, 0.9993892908096313, 0.9994128942489624, 0.9994179606437683, 0.99942547082901, 0.9993833303451538, 0.999416172504425, 0.9336975812911987, 0.9992324113845825, 0.9993717670440674, 0.9993619918823242, 0.99916011095047, 0.9994157552719116, 0.9994035959243774, 0.9994077682495117, 0.9994261860847473, 0.999390184879303, 0.6314235925674438, 0.6658104658126831, 0.6761653423309326, 0.6793704032897949, 0.6965625286102295, 0.7538653612136841, 0.7740212678909302, 0.7792032957077026, 0.7945159077644348, 0.8021501302719116, 0.8056601285934448, 0.8181169629096985, 0.8252130150794983, 0.8282487988471985, 0.8319091796875, 0.8395217657089233, 0.8445752859115601, 0.8749079704284668, 0.8986194133758545, 0.9289161562919617, 0.9378907084465027, 0.20750711858272552, 0.3739173412322998, 0.4094683825969696]}