{"loss": [1.1569808721542358, 0.9148632884025574, 0.8431740403175354, 0.806817889213562, 0.7848262786865234, 0.7675981521606445, 0.7529590129852295, 0.7406013607978821, 0.7301827073097229, 0.7197275757789612, 0.711253821849823, 0.7043175101280212, 0.697509765625, 0.6919291019439697, 0.6871892213821411, 0.6837336421012878, 0.6797492504119873, 0.6763896346092224, 0.6732220649719238, 0.6700682044029236, 0.6676372289657593, 0.6645628809928894, 0.6627041101455688, 0.6601625084877014, 0.6591390371322632, 0.6567866206169128, 0.658780038356781, 0.6517283916473389, 0.6494717597961426, 0.6481040120124817, 0.6445347666740417, 0.6427614092826843, 0.6409354209899902, 0.6374070644378662, 0.6351227164268494, 0.6334879994392395, 0.6333673000335693, 0.6292686462402344, 0.6275187134742737, 0.6250776052474976, 0.6242612600326538, 0.6218959093093872, 0.6193563938140869, 0.6183298826217651, 0.6192858219146729, 0.616326093673706, 0.6192914843559265, 0.6129374504089355, 0.6104815006256104, 0.609358012676239, 0.6079655885696411, 0.608385443687439, 0.606141984462738, 0.6061983108520508, 0.6035611033439636, 0.6030199527740479, 0.6022331118583679, 0.6021811962127686, 0.6003459692001343, 0.6013610363006592, 0.6004365682601929, 0.5991420745849609, 0.5981146693229675, 0.5971276164054871, 0.6005983948707581, 0.5960121154785156, 0.5959954261779785, 0.5949039459228516, 0.5984882712364197, 0.5938312411308289, 0.5931083559989929, 0.5985403060913086, 0.5925461053848267, 0.5920622944831848, 0.5917502641677856, 0.5902968049049377, 0.5893269777297974, 0.600451648235321, 0.5921383500099182, 0.5882006287574768, 1.192197322845459, 1.2075179815292358, 1.097426176071167, 1.0299396514892578, 0.9730654358863831, 0.9294028878211975, 0.8959245681762695, 0.8679865002632141, 0.8439676761627197, 0.8227474093437195, 0.8038909435272217, 0.789086103439331, 0.7766064405441284, 0.765213668346405, 0.7551621198654175, 0.7450886368751526, 0.7361491322517395, 0.7279568910598755, 0.7202121615409851, 0.7143256664276123], "accuracy": [0.4630555510520935, 0.5853741765022278, 0.6193989515304565, 0.636111855506897, 0.646826446056366, 0.6553475856781006, 0.662499725818634, 0.6681573390960693, 0.672923743724823, 0.678068995475769, 0.6822148561477661, 0.6857269406318665, 0.6891858577728271, 0.6920331120491028, 0.6943575143814087, 0.6962200403213501, 0.698249340057373, 0.7001437544822693, 0.7017804980278015, 0.7035091519355774, 0.7048405408859253, 0.7063269019126892, 0.7074092030525208, 0.7089484930038452, 0.7096375823020935, 0.7108845114707947, 0.7102621793746948, 0.7137969732284546, 0.7151102423667908, 0.7160564661026001, 0.7179767489433289, 0.7190107107162476, 0.7200673818588257, 0.7217891216278076, 0.7229390144348145, 0.723804771900177, 0.7238733768463135, 0.7257984280586243, 0.726743757724762, 0.7279956936836243, 0.7285621166229248, 0.7297256588935852, 0.7309747934341431, 0.7313743829727173, 0.7311344146728516, 0.7324268221855164, 0.7309454083442688, 0.734093427658081, 0.7354620695114136, 0.7362114191055298, 0.7369930744171143, 0.7368784546852112, 0.7380372881889343, 0.7381190061569214, 0.7394613027572632, 0.7396795153617859, 0.7400590181350708, 0.7399789094924927, 0.7408481240272522, 0.7403056621551514, 0.7406768798828125, 0.7412152290344238, 0.7416343688964844, 0.7421209812164307, 0.7405726313591003, 0.7426791191101074, 0.74269038438797, 0.7432374954223633, 0.7417522668838501, 0.7438544034957886, 0.7442247271537781, 0.7418072819709778, 0.7445341348648071, 0.7446723580360413, 0.7448325753211975, 0.7455318570137024, 0.746027410030365, 0.7413025498390198, 0.744808554649353, 0.74641352891922, 0.44522878527641296, 0.44219115376472473, 0.5010925531387329, 0.5360831022262573, 0.5653306841850281, 0.5870891809463501, 0.6034213900566101, 0.6170098185539246, 0.6291772723197937, 0.6394551992416382, 0.6486315131187439, 0.6557906270027161, 0.6618006825447083, 0.6674596071243286, 0.6720365285873413, 0.6761053204536438, 0.6797558665275574, 0.6833395957946777, 0.6867509484291077, 0.6894527673721313], "val_loss": [0.9289270639419556, 0.8002234697341919, 0.7390851974487305, 0.6970319151878357, 0.674767792224884, 0.6560670137405396, 0.6339418292045593, 0.617041289806366, 0.6202784776687622, 0.5944273471832275, 0.5820852518081665, 0.5772968530654907, 0.5676828622817993, 0.5555431246757507, 0.5581178069114685, 0.5451082587242126, 0.542549192905426, 0.5354650020599365, 0.5352523922920227, 0.528428316116333, 0.5307679772377014, 0.524107038974762, 0.5208237171173096, 0.5195538997650146, 0.5125543475151062, 0.5077998638153076, 0.51993328332901, 0.5001989006996155, 0.5088678002357483, 0.4987204968929291, 0.4959155321121216, 0.4909447431564331, 0.48409131169319153, 0.4882130026817322, 0.47854894399642944, 0.4784969687461853, 0.47684812545776367, 0.4739432632923126, 0.47321829199790955, 0.4640202522277832, 0.4639550745487213, 0.4674301743507385, 0.4649764597415924, 0.4644314646720886, 0.4533737301826477, 0.5851282477378845, 0.45149436593055725, 0.4520953297615051, 0.4494650959968567, 0.44817572832107544, 0.44873660802841187, 0.45175275206565857, 0.43902015686035156, 0.4435685873031616, 0.4412842392921448, 0.44746333360671997, 0.44315972924232483, 0.4392009973526001, 0.43705037236213684, 0.43720272183418274, 0.43726465106010437, 0.4330238103866577, 0.42915257811546326, 0.43119877576828003, 0.43337222933769226, 0.42916786670684814, 0.4355813264846802, 0.43127843737602234, 0.4247318506240845, 0.4237058460712433, 0.43053144216537476, 0.4283946454524994, 0.4253222644329071, 0.42996445298194885, 0.42216572165489197, 0.4307651221752167, 0.42260271310806274, 0.42685332894325256, 0.42229366302490234, 0.4285913109779358, 1.2659944295883179, 1.1144298315048218, 1.014715313911438, 0.9336647391319275, 0.8684813976287842, 0.8229117393493652, 0.790245771408081, 0.7538219690322876, 0.7269527912139893, 0.7032821774482727, 0.6843437552452087, 0.663134753704071, 0.6489432454109192, 0.635252833366394, 0.6223152279853821, 0.6109462976455688, 0.6007247567176819, 0.590742290019989, 0.5836006999015808, 0.577535092830658],